title,date,subject,authenticity
National park expands to protect endangered species International,21 November 2023,Technology,real
Government announces free college education plan Artist,04 November 2023,Politics,real
Tech giant releases first quantum smartphone Another,08 October 2024,Technology,real
Tech giant releases first quantum smartphone Itself,11 June 2023,Education,real
Government announces free college education plan Follow,14 September 2024,Environment,real
Local community wins award for clean energy innovation One,25 August 2023,Politics,real
Government announces free college education plan New,04 November 2023,World,real
National park expands to protect endangered species Matter,27 February 2024,Environment,real
Tech giant releases first quantum smartphone Prevent,25 September 2024,Education,real
National park expands to protect endangered species Away,29 November 2023,Environment,real
Government announces free college education plan Office,24 September 2024,Technology,real
Tech giant releases first quantum smartphone Eat,19 April 2023,Education,real
National park expands to protect endangered species Serious,22 July 2023,Politics,real
UN reports significant drop in global poverty rates Case,24 May 2024,World,real
Government announces free college education plan Hour,05 February 2025,Politics,real
Government announces free college education plan Music,12 May 2023,World,real
UN reports significant drop in global poverty rates Off,07 May 2023,Environment,real
Tech giant releases first quantum smartphone Live,11 February 2024,Education,real
National park expands to protect endangered species Nation,18 November 2023,Politics,real
Tech giant releases first quantum smartphone Image,26 May 2024,Environment,real
Tech giant releases first quantum smartphone Lose,05 October 2023,Education,real
Tech giant releases first quantum smartphone Group,14 July 2023,Environment,real
Tech giant releases first quantum smartphone Continue,11 April 2023,World,real
UN reports significant drop in global poverty rates War,27 January 2025,Education,real
National park expands to protect endangered species Rule,01 June 2024,Technology,real
National park expands to protect endangered species Development,20 October 2023,Environment,real
UN reports significant drop in global poverty rates Source,07 February 2024,Environment,real
UN reports significant drop in global poverty rates Eat,17 September 2024,Politics,real
UN reports significant drop in global poverty rates Economic,04 August 2024,World,real
National park expands to protect endangered species Television,12 November 2024,Politics,real
Tech giant releases first quantum smartphone Present,01 February 2025,Environment,real
UN reports significant drop in global poverty rates Student,03 June 2023,Politics,real
Local community wins award for clean energy innovation Together,29 May 2024,Environment,real
Government announces free college education plan Second,09 December 2024,Technology,real
Government announces free college education plan Low,26 October 2024,Technology,real
Tech giant releases first quantum smartphone Perhaps,13 February 2024,Education,real
Government announces free college education plan Make,15 December 2023,Technology,real
UN reports significant drop in global poverty rates Image,25 September 2023,Environment,real
Tech giant releases first quantum smartphone Training,22 February 2024,Technology,real
Local community wins award for clean energy innovation Will,29 June 2024,World,real
Local community wins award for clean energy innovation Again,11 October 2023,World,real
Government announces free college education plan Simply,18 March 2025,Politics,real
UN reports significant drop in global poverty rates Every,11 January 2025,Education,real
Tech giant releases first quantum smartphone Over,15 September 2023,Education,real
Government announces free college education plan Four,14 May 2024,Education,real
Local community wins award for clean energy innovation Near,22 August 2024,Environment,real
Tech giant releases first quantum smartphone Line,02 April 2025,Politics,real
Tech giant releases first quantum smartphone These,18 June 2024,Environment,real
UN reports significant drop in global poverty rates Answer,17 February 2024,Politics,real
National park expands to protect endangered species Environmental,26 April 2024,World,real
Government announces free college education plan General,16 June 2024,World,real
UN reports significant drop in global poverty rates Call,31 December 2023,Politics,real
National park expands to protect endangered species Blue,31 January 2024,Technology,real
Local community wins award for clean energy innovation Mouth,25 July 2023,Politics,real
Local community wins award for clean energy innovation Training,18 December 2023,Technology,real
UN reports significant drop in global poverty rates However,23 May 2023,Technology,real
Local community wins award for clean energy innovation Mother,17 September 2023,Environment,real
Local community wins award for clean energy innovation My,07 April 2024,Education,real
UN reports significant drop in global poverty rates Character,01 March 2024,Technology,real
Government announces free college education plan Such,07 August 2024,Politics,real
Tech giant releases first quantum smartphone Career,16 December 2024,Politics,real
Tech giant releases first quantum smartphone Set,05 February 2024,Technology,real
Government announces free college education plan Evidence,08 June 2023,Education,real
Government announces free college education plan Together,26 January 2025,Education,real
UN reports significant drop in global poverty rates Place,24 September 2023,World,real
UN reports significant drop in global poverty rates Instead,10 November 2023,World,real
Government announces free college education plan Right,13 May 2024,Politics,real
Government announces free college education plan Respond,29 May 2023,World,real
UN reports significant drop in global poverty rates Protect,06 September 2023,Technology,real
Tech giant releases first quantum smartphone Something,01 March 2025,World,real
UN reports significant drop in global poverty rates Leg,15 July 2024,Education,real
Tech giant releases first quantum smartphone Protect,07 August 2024,Technology,real
Local community wins award for clean energy innovation Key,18 March 2025,Environment,real
Government announces free college education plan Serious,09 January 2024,Environment,real
Local community wins award for clean energy innovation Interesting,30 January 2025,Politics,real
National park expands to protect endangered species Let,13 February 2024,Environment,real
National park expands to protect endangered species Trouble,24 September 2024,World,real
Government announces free college education plan Role,18 May 2024,Technology,real
Government announces free college education plan Consider,06 April 2024,Technology,real
National park expands to protect endangered species Pretty,04 October 2023,World,real
Tech giant releases first quantum smartphone Arrive,16 April 2023,Technology,real
Local community wins award for clean energy innovation Bring,12 June 2023,Technology,real
UN reports significant drop in global poverty rates Enjoy,26 April 2024,Education,real
Local community wins award for clean energy innovation Short,14 March 2024,Education,real
National park expands to protect endangered species Throughout,28 March 2024,World,real
Tech giant releases first quantum smartphone Clear,18 January 2024,World,real
Government announces free college education plan Fill,26 December 2024,Environment,real
Government announces free college education plan Better,24 February 2024,Environment,real
Local community wins award for clean energy innovation Adult,06 June 2024,World,real
National park expands to protect endangered species Husband,28 November 2024,Environment,real
Tech giant releases first quantum smartphone Foreign,23 February 2025,Politics,real
Government announces free college education plan Per,13 August 2024,Technology,real
Local community wins award for clean energy innovation Guess,01 April 2024,Education,real
Local community wins award for clean energy innovation Fact,02 June 2023,Education,real
National park expands to protect endangered species Despite,12 September 2023,Environment,real
Government announces free college education plan Look,01 August 2024,Environment,real
UN reports significant drop in global poverty rates Rich,03 February 2024,World,real
Tech giant releases first quantum smartphone Place,30 July 2023,Technology,real
National park expands to protect endangered species My,20 January 2024,Education,real
Local community wins award for clean energy innovation Peace,15 October 2024,Politics,real
Tech giant releases first quantum smartphone Mother,24 August 2023,Technology,real
Government announces free college education plan Number,02 September 2024,World,real
Tech giant releases first quantum smartphone Actually,06 June 2023,Politics,real
UN reports significant drop in global poverty rates Great,18 October 2023,Politics,real
UN reports significant drop in global poverty rates Ever,22 March 2024,Education,real
Tech giant releases first quantum smartphone Her,21 July 2023,Technology,real
National park expands to protect endangered species Newspaper,26 June 2023,Technology,real
Government announces free college education plan Position,13 June 2024,Technology,real
UN reports significant drop in global poverty rates Film,01 April 2024,Education,real
UN reports significant drop in global poverty rates Stuff,10 June 2024,Politics,real
Tech giant releases first quantum smartphone Another,23 May 2023,Education,real
National park expands to protect endangered species Yard,22 November 2023,Politics,real
Government announces free college education plan Laugh,19 January 2025,Education,real
Tech giant releases first quantum smartphone Manage,24 March 2024,World,real
UN reports significant drop in global poverty rates Involve,21 February 2024,World,real
Government announces free college education plan Especially,15 April 2023,Politics,real
Tech giant releases first quantum smartphone Model,08 January 2025,World,real
Government announces free college education plan Point,02 October 2024,Technology,real
Local community wins award for clean energy innovation Work,05 October 2023,Politics,real
National park expands to protect endangered species Produce,12 December 2024,Technology,real
Local community wins award for clean energy innovation Heavy,30 September 2024,Technology,real
Government announces free college education plan Condition,13 January 2024,Politics,real
Local community wins award for clean energy innovation Teach,08 October 2024,Education,real
Tech giant releases first quantum smartphone Although,21 March 2024,Education,real
UN reports significant drop in global poverty rates Kid,21 October 2023,Education,real
National park expands to protect endangered species Model,27 August 2023,Environment,real
National park expands to protect endangered species Blue,21 November 2024,World,real
UN reports significant drop in global poverty rates Trip,09 April 2025,Technology,real
Government announces free college education plan Reveal,03 June 2024,Environment,real
Government announces free college education plan Hair,24 December 2024,Education,real
National park expands to protect endangered species Term,10 March 2025,Politics,real
UN reports significant drop in global poverty rates Hour,16 December 2023,Education,real
Tech giant releases first quantum smartphone Avoid,24 November 2024,Environment,real
Government announces free college education plan Music,06 January 2024,Environment,real
Tech giant releases first quantum smartphone Above,20 November 2024,Technology,real
National park expands to protect endangered species Color,20 August 2023,Politics,real
UN reports significant drop in global poverty rates Lawyer,04 August 2023,Education,real
Government announces free college education plan Spring,30 September 2023,Technology,real
Local community wins award for clean energy innovation Report,02 June 2024,Technology,real
Government announces free college education plan Will,09 May 2024,Environment,real
Local community wins award for clean energy innovation Forward,15 December 2024,Environment,real
National park expands to protect endangered species Loss,13 March 2025,World,real
Tech giant releases first quantum smartphone Start,11 September 2023,Environment,real
National park expands to protect endangered species Interesting,06 December 2023,Politics,real
Tech giant releases first quantum smartphone Near,05 November 2024,Politics,real
Local community wins award for clean energy innovation Drug,17 October 2023,Politics,real
Government announces free college education plan Yet,23 March 2025,Technology,real
National park expands to protect endangered species Boy,01 August 2024,World,real
Government announces free college education plan Simple,06 June 2024,Politics,real
UN reports significant drop in global poverty rates Positive,11 December 2023,Technology,real
Tech giant releases first quantum smartphone Floor,22 September 2024,Technology,real
Local community wins award for clean energy innovation Along,18 December 2023,World,real
UN reports significant drop in global poverty rates Station,03 March 2025,Technology,real
UN reports significant drop in global poverty rates Bit,23 September 2024,Education,real
Tech giant releases first quantum smartphone Up,03 March 2024,Environment,real
Local community wins award for clean energy innovation Practice,25 June 2023,Politics,real
Tech giant releases first quantum smartphone Word,20 June 2024,World,real
Government announces free college education plan Line,15 February 2025,Politics,real
National park expands to protect endangered species Second,27 October 2023,World,real
Tech giant releases first quantum smartphone About,25 May 2024,World,real
Government announces free college education plan Almost,05 August 2024,Politics,real
National park expands to protect endangered species Pretty,10 October 2024,Technology,real
Local community wins award for clean energy innovation Country,10 September 2023,Politics,real
Government announces free college education plan Production,21 October 2023,Education,real
Government announces free college education plan Market,04 July 2023,World,real
Local community wins award for clean energy innovation Floor,23 December 2024,Technology,real
UN reports significant drop in global poverty rates Let,13 June 2023,Politics,real
Government announces free college education plan Need,17 September 2024,Environment,real
Tech giant releases first quantum smartphone Authority,10 September 2024,World,real
National park expands to protect endangered species Piece,09 October 2024,World,real
Local community wins award for clean energy innovation Training,28 March 2025,World,real
Local community wins award for clean energy innovation Model,09 September 2023,Politics,real
Government announces free college education plan Tough,11 December 2023,Politics,real
Local community wins award for clean energy innovation Manage,01 July 2023,Politics,real
Local community wins award for clean energy innovation Among,05 August 2024,Technology,real
UN reports significant drop in global poverty rates Push,23 November 2024,Technology,real
Local community wins award for clean energy innovation Reflect,07 October 2024,Environment,real
Local community wins award for clean energy innovation Contain,02 April 2024,Education,real
Government announces free college education plan Prevent,19 December 2024,Environment,real
UN reports significant drop in global poverty rates Cultural,20 January 2024,World,real
UN reports significant drop in global poverty rates Early,17 December 2024,Education,real
Local community wins award for clean energy innovation As,09 December 2023,Education,real
National park expands to protect endangered species Almost,21 February 2024,World,real
Local community wins award for clean energy innovation American,11 March 2024,World,real
National park expands to protect endangered species Always,09 September 2023,Education,real
National park expands to protect endangered species Central,24 January 2024,Education,real
Tech giant releases first quantum smartphone Modern,24 September 2023,Environment,real
National park expands to protect endangered species Usually,18 October 2023,Technology,real
Local community wins award for clean energy innovation Pm,11 January 2024,Education,real
National park expands to protect endangered species Up,28 November 2024,World,real
Government announces free college education plan Real,09 April 2024,Education,real
Government announces free college education plan Service,13 August 2023,Technology,real
Government announces free college education plan Give,12 January 2024,Politics,real
Government announces free college education plan Leg,14 May 2023,Technology,real
Tech giant releases first quantum smartphone Only,28 March 2025,Education,real
UN reports significant drop in global poverty rates Child,19 March 2024,Technology,real
Tech giant releases first quantum smartphone Rule,30 May 2023,Education,real
Government announces free college education plan Training,28 February 2025,Environment,real
Tech giant releases first quantum smartphone Good,11 August 2024,Environment,real
Local community wins award for clean energy innovation Model,12 January 2024,Education,real
National park expands to protect endangered species Around,20 April 2023,Environment,real
National park expands to protect endangered species Base,24 May 2023,Technology,real
Tech giant releases first quantum smartphone Director,23 May 2023,World,real
Government announces free college education plan Growth,15 February 2025,World,real
National park expands to protect endangered species Clear,14 August 2024,World,real
Local community wins award for clean energy innovation House,09 February 2024,Environment,real
Tech giant releases first quantum smartphone Office,30 April 2023,Education,real
Local community wins award for clean energy innovation Response,04 December 2023,World,real
Local community wins award for clean energy innovation Life,16 September 2024,Environment,real
Tech giant releases first quantum smartphone Record,09 April 2024,Education,real
Government announces free college education plan Too,10 June 2024,World,real
UN reports significant drop in global poverty rates Message,21 September 2023,World,real
Government announces free college education plan Feeling,17 January 2025,Politics,real
Government announces free college education plan Letter,23 February 2025,World,real
Government announces free college education plan Likely,24 November 2024,Politics,real
National park expands to protect endangered species Know,10 March 2025,Environment,real
UN reports significant drop in global poverty rates Both,05 June 2024,Education,real
UN reports significant drop in global poverty rates Wife,21 November 2023,World,real
Tech giant releases first quantum smartphone Note,22 April 2023,Environment,real
Local community wins award for clean energy innovation Newspaper,16 February 2025,Technology,real
Government announces free college education plan Despite,07 May 2024,Politics,real
UN reports significant drop in global poverty rates Top,11 March 2024,Environment,real
National park expands to protect endangered species Bed,22 July 2023,Education,real
Government announces free college education plan Take,25 July 2023,World,real
Government announces free college education plan Really,26 March 2025,Technology,real
UN reports significant drop in global poverty rates Realize,16 October 2023,World,real
Government announces free college education plan Trade,22 October 2023,World,real
Local community wins award for clean energy innovation Mother,31 December 2024,Environment,real
UN reports significant drop in global poverty rates Yourself,26 July 2023,World,real
Government announces free college education plan High,06 October 2023,Politics,real
Tech giant releases first quantum smartphone Commercial,14 September 2024,Politics,real
National park expands to protect endangered species Economic,28 July 2024,Environment,real
Tech giant releases first quantum smartphone Decade,10 January 2024,Politics,real
UN reports significant drop in global poverty rates Understand,10 February 2025,Politics,real
Local community wins award for clean energy innovation Value,04 December 2023,Politics,real
Local community wins award for clean energy innovation Over,02 January 2025,World,real
UN reports significant drop in global poverty rates School,25 June 2024,Education,real
National park expands to protect endangered species Age,21 April 2024,Politics,real
Tech giant releases first quantum smartphone Near,26 August 2023,Politics,real
Local community wins award for clean energy innovation Nice,07 July 2024,Education,real
Tech giant releases first quantum smartphone Within,25 November 2024,Education,real
UN reports significant drop in global poverty rates Red,12 May 2023,Politics,real
National park expands to protect endangered species Scene,18 March 2024,Environment,real
Local community wins award for clean energy innovation Mrs,01 April 2025,World,real
UN reports significant drop in global poverty rates Now,15 August 2023,Technology,real
Local community wins award for clean energy innovation Cause,22 May 2024,Technology,real
UN reports significant drop in global poverty rates Final,22 August 2023,Politics,real
National park expands to protect endangered species Congress,16 August 2023,World,real
Tech giant releases first quantum smartphone Miss,03 August 2024,Education,real
UN reports significant drop in global poverty rates These,01 March 2025,Education,real
National park expands to protect endangered species Full,23 June 2023,Politics,real
UN reports significant drop in global poverty rates Word,17 February 2024,Education,real
Local community wins award for clean energy innovation Because,02 January 2025,Environment,real
National park expands to protect endangered species Change,12 October 2024,Technology,real
Local community wins award for clean energy innovation Again,15 June 2023,Technology,real
UN reports significant drop in global poverty rates Since,16 August 2023,World,real
National park expands to protect endangered species Protect,20 August 2024,Technology,real
National park expands to protect endangered species High,24 October 2024,Environment,real
Tech giant releases first quantum smartphone Task,12 April 2023,World,real
National park expands to protect endangered species Executive,13 August 2024,Environment,real
Government announces free college education plan Article,12 February 2024,Education,real
Government announces free college education plan Ball,20 January 2025,Technology,real
Government announces free college education plan Right,08 March 2024,Politics,real
Government announces free college education plan Method,09 August 2023,World,real
National park expands to protect endangered species Candidate,21 May 2024,Environment,real
Local community wins award for clean energy innovation Soldier,20 February 2024,Technology,real
Tech giant releases first quantum smartphone Another,27 November 2023,World,real
Local community wins award for clean energy innovation Market,24 August 2024,Technology,real
Local community wins award for clean energy innovation Project,07 August 2023,Environment,real
Tech giant releases first quantum smartphone Such,23 June 2024,Politics,real
Tech giant releases first quantum smartphone Wish,01 March 2024,Environment,real
Government announces free college education plan Turn,28 June 2023,Politics,real
Government announces free college education plan Same,26 June 2024,Politics,real
Local community wins award for clean energy innovation Increase,06 November 2023,Environment,real
UN reports significant drop in global poverty rates Although,18 May 2023,Technology,real
UN reports significant drop in global poverty rates Determine,25 March 2024,Environment,real
Government announces free college education plan Country,29 November 2024,Environment,real
Government announces free college education plan Current,21 May 2024,Education,real
Local community wins award for clean energy innovation Defense,25 August 2024,Technology,real
National park expands to protect endangered species Whom,10 August 2024,World,real
National park expands to protect endangered species Would,19 January 2024,Education,real
National park expands to protect endangered species Understand,09 December 2024,Education,real
UN reports significant drop in global poverty rates City,31 August 2023,Politics,real
National park expands to protect endangered species Side,28 May 2023,Politics,real
Government announces free college education plan Over,02 August 2024,Education,real
National park expands to protect endangered species Final,11 April 2024,Environment,real
National park expands to protect endangered species Into,19 June 2023,Education,real
National park expands to protect endangered species Sometimes,24 November 2024,Politics,real
Local community wins award for clean energy innovation Site,11 October 2023,World,real
UN reports significant drop in global poverty rates Might,25 May 2024,Politics,real
UN reports significant drop in global poverty rates Population,09 December 2024,Environment,real
Government announces free college education plan Sit,05 March 2024,Technology,real
Tech giant releases first quantum smartphone General,21 May 2023,Environment,real
UN reports significant drop in global poverty rates And,10 November 2023,Environment,real
National park expands to protect endangered species Long,04 December 2024,Environment,real
National park expands to protect endangered species Among,05 February 2025,Environment,real
National park expands to protect endangered species Choose,26 August 2024,Environment,real
UN reports significant drop in global poverty rates Speak,10 April 2025,Politics,real
UN reports significant drop in global poverty rates Check,10 June 2023,World,real
Local community wins award for clean energy innovation Often,03 February 2025,World,real
Tech giant releases first quantum smartphone Gas,11 August 2024,Technology,real
Government announces free college education plan General,28 June 2023,World,real
National park expands to protect endangered species Against,30 October 2023,Environment,real
National park expands to protect endangered species Product,07 May 2023,Technology,real
Tech giant releases first quantum smartphone Those,24 August 2023,Technology,real
UN reports significant drop in global poverty rates Human,02 August 2024,Politics,real
Government announces free college education plan Prevent,04 November 2024,Environment,real
UN reports significant drop in global poverty rates Dog,27 January 2024,Politics,real
Tech giant releases first quantum smartphone Rise,31 May 2024,World,real
Local community wins award for clean energy innovation Especially,14 February 2025,Politics,real
UN reports significant drop in global poverty rates Natural,11 May 2023,Politics,real
Tech giant releases first quantum smartphone Forget,17 February 2024,Environment,real
Local community wins award for clean energy innovation Water,24 April 2024,Technology,real
National park expands to protect endangered species Lay,25 October 2023,Environment,real
Local community wins award for clean energy innovation Lot,23 February 2024,Politics,real
UN reports significant drop in global poverty rates List,10 December 2023,Environment,real
National park expands to protect endangered species High,20 February 2024,Environment,real
Local community wins award for clean energy innovation Act,09 March 2024,World,real
UN reports significant drop in global poverty rates Institution,27 February 2024,Technology,real
Government announces free college education plan Usually,16 May 2024,Environment,real
Tech giant releases first quantum smartphone Station,04 January 2024,World,real
UN reports significant drop in global poverty rates Floor,01 July 2024,Environment,real
Tech giant releases first quantum smartphone Material,28 September 2024,Politics,real
Government announces free college education plan Feel,25 December 2023,Education,real
Local community wins award for clean energy innovation American,26 December 2023,Education,real
Government announces free college education plan Week,27 July 2023,World,real
Tech giant releases first quantum smartphone Other,06 May 2024,Politics,real
Government announces free college education plan Only,01 August 2024,Education,real
UN reports significant drop in global poverty rates Field,02 July 2023,World,real
Government announces free college education plan Late,17 September 2024,Politics,real
Local community wins award for clean energy innovation Technology,05 October 2024,Politics,real
Government announces free college education plan Scientist,01 January 2024,World,real
Tech giant releases first quantum smartphone Minute,30 November 2024,World,real
Government announces free college education plan Enough,29 January 2024,Environment,real
UN reports significant drop in global poverty rates Whether,16 April 2023,Technology,real
UN reports significant drop in global poverty rates Book,03 November 2024,Technology,real
UN reports significant drop in global poverty rates Student,07 July 2023,Education,real
Local community wins award for clean energy innovation Town,02 September 2023,Technology,real
National park expands to protect endangered species Huge,15 October 2023,Environment,real
Tech giant releases first quantum smartphone Significant,20 January 2025,World,real
Tech giant releases first quantum smartphone Early,30 May 2024,Politics,real
Tech giant releases first quantum smartphone Out,22 March 2024,Education,real
Government announces free college education plan Read,14 April 2024,Environment,real
Government announces free college education plan Purpose,03 May 2024,Technology,real
Government announces free college education plan Hundred,11 April 2024,Education,real
UN reports significant drop in global poverty rates Read,22 November 2023,Politics,real
Government announces free college education plan Blue,11 March 2025,Politics,real
UN reports significant drop in global poverty rates But,26 December 2024,Politics,real
UN reports significant drop in global poverty rates Bit,31 January 2025,World,real
Government announces free college education plan Something,13 September 2024,Environment,real
Time traveler arrested for predicting stock market crash Player,20 November 2023,Finance,fake
Doctors find cure for aging using alien DNA Sea,14 June 2024,Science,fake
NASA confirms life on Jupiter’s moon Drop,29 June 2024,Health,fake
Scientists resurrect dinosaur DNA in lab Available,28 February 2024,Defense,fake
Scientists resurrect dinosaur DNA in lab Language,09 February 2024,Myth,fake
NASA confirms life on Jupiter’s moon Gas,10 November 2023,Health,fake
Scientists resurrect dinosaur DNA in lab Southern,15 June 2024,Science,fake
NASA confirms life on Jupiter’s moon Various,29 April 2023,Science,fake
Man becomes invisible after secret military experiment Structure,10 April 2024,Defense,fake
Time traveler arrested for predicting stock market crash Natural,01 March 2024,Science,fake
Time traveler arrested for predicting stock market crash Help,02 September 2023,Myth,fake
NASA confirms life on Jupiter’s moon Society,02 August 2024,Health,fake
Doctors find cure for aging using alien DNA Few,10 March 2025,Health,fake
Time traveler arrested for predicting stock market crash Outside,08 November 2023,Finance,fake
NASA confirms life on Jupiter’s moon Different,14 June 2023,Finance,fake
Doctors find cure for aging using alien DNA Whose,03 September 2023,Defense,fake
Doctors find cure for aging using alien DNA Least,17 August 2023,Science,fake
NASA confirms life on Jupiter’s moon Born,22 June 2024,Defense,fake
Doctors find cure for aging using alien DNA Organization,11 August 2024,Science,fake
Time traveler arrested for predicting stock market crash Plan,25 November 2023,Finance,fake
Man becomes invisible after secret military experiment Plant,05 February 2024,Myth,fake
Man becomes invisible after secret military experiment Side,03 December 2023,Health,fake
Time traveler arrested for predicting stock market crash Large,21 April 2023,Health,fake
Time traveler arrested for predicting stock market crash That,04 August 2024,Finance,fake
Doctors find cure for aging using alien DNA Up,26 September 2024,Myth,fake
Doctors find cure for aging using alien DNA Including,20 May 2024,Science,fake
Doctors find cure for aging using alien DNA Talk,12 March 2024,Finance,fake
Doctors find cure for aging using alien DNA Hundred,02 December 2023,Finance,fake
Doctors find cure for aging using alien DNA Him,23 August 2024,Health,fake
Scientists resurrect dinosaur DNA in lab Result,21 December 2023,Myth,fake
NASA confirms life on Jupiter’s moon Me,10 January 2024,Finance,fake
Man becomes invisible after secret military experiment Across,27 July 2023,Finance,fake
Doctors find cure for aging using alien DNA Memory,14 November 2023,Myth,fake
Man becomes invisible after secret military experiment Eye,21 September 2023,Defense,fake
NASA confirms life on Jupiter’s moon Marriage,26 March 2025,Defense,fake
NASA confirms life on Jupiter’s moon Never,08 October 2023,Health,fake
Scientists resurrect dinosaur DNA in lab Kitchen,11 November 2024,Health,fake
Time traveler arrested for predicting stock market crash Right,15 November 2023,Defense,fake
NASA confirms life on Jupiter’s moon Kitchen,17 December 2024,Science,fake
Doctors find cure for aging using alien DNA Whether,14 January 2024,Health,fake
Time traveler arrested for predicting stock market crash Floor,20 October 2023,Defense,fake
Doctors find cure for aging using alien DNA Across,15 February 2025,Finance,fake
Scientists resurrect dinosaur DNA in lab No,30 September 2023,Finance,fake
Scientists resurrect dinosaur DNA in lab Us,17 October 2024,Myth,fake
Scientists resurrect dinosaur DNA in lab Necessary,17 March 2024,Health,fake
Man becomes invisible after secret military experiment Entire,10 March 2025,Myth,fake
Scientists resurrect dinosaur DNA in lab Movie,05 February 2024,Myth,fake
Scientists resurrect dinosaur DNA in lab Summer,26 April 2024,Myth,fake
NASA confirms life on Jupiter’s moon However,27 October 2023,Defense,fake
NASA confirms life on Jupiter’s moon Be,04 March 2025,Science,fake
Time traveler arrested for predicting stock market crash Whose,31 March 2025,Myth,fake
Scientists resurrect dinosaur DNA in lab Note,21 June 2023,Science,fake
Scientists resurrect dinosaur DNA in lab Report,29 May 2023,Science,fake
Doctors find cure for aging using alien DNA Bar,02 September 2024,Finance,fake
NASA confirms life on Jupiter’s moon Act,18 September 2023,Finance,fake
Time traveler arrested for predicting stock market crash Attention,09 April 2025,Finance,fake
NASA confirms life on Jupiter’s moon Mission,11 October 2024,Defense,fake
NASA confirms life on Jupiter’s moon Officer,14 August 2024,Finance,fake
NASA confirms life on Jupiter’s moon Deep,20 August 2024,Myth,fake
NASA confirms life on Jupiter’s moon Day,07 September 2023,Science,fake
Man becomes invisible after secret military experiment Term,06 November 2024,Science,fake
Man becomes invisible after secret military experiment Research,10 September 2023,Defense,fake
Scientists resurrect dinosaur DNA in lab Attorney,11 January 2024,Myth,fake
Doctors find cure for aging using alien DNA Stand,12 July 2023,Finance,fake
Doctors find cure for aging using alien DNA Person,15 August 2023,Myth,fake
NASA confirms life on Jupiter’s moon Choice,08 April 2024,Finance,fake
Scientists resurrect dinosaur DNA in lab Care,08 October 2023,Health,fake
Man becomes invisible after secret military experiment How,08 December 2023,Finance,fake
Time traveler arrested for predicting stock market crash It,24 December 2023,Myth,fake
Time traveler arrested for predicting stock market crash Buy,09 June 2023,Defense,fake
Time traveler arrested for predicting stock market crash Write,19 October 2024,Finance,fake
Time traveler arrested for predicting stock market crash Born,28 June 2024,Myth,fake
Scientists resurrect dinosaur DNA in lab Bed,30 April 2023,Defense,fake
Time traveler arrested for predicting stock market crash Factor,01 August 2024,Science,fake
Doctors find cure for aging using alien DNA Environmental,08 March 2024,Defense,fake
Doctors find cure for aging using alien DNA Industry,20 August 2024,Health,fake
Doctors find cure for aging using alien DNA Interest,21 December 2024,Myth,fake
Man becomes invisible after secret military experiment Many,19 May 2023,Finance,fake
Man becomes invisible after secret military experiment Image,29 November 2023,Finance,fake
Time traveler arrested for predicting stock market crash Across,10 June 2023,Finance,fake
Doctors find cure for aging using alien DNA Clearly,17 March 2024,Finance,fake
Scientists resurrect dinosaur DNA in lab Believe,17 October 2024,Myth,fake
Time traveler arrested for predicting stock market crash Level,05 April 2025,Myth,fake
Scientists resurrect dinosaur DNA in lab Staff,28 June 2023,Myth,fake
Scientists resurrect dinosaur DNA in lab Range,19 March 2024,Myth,fake
Scientists resurrect dinosaur DNA in lab Wish,18 October 2023,Science,fake
Scientists resurrect dinosaur DNA in lab Hear,05 December 2023,Myth,fake
NASA confirms life on Jupiter’s moon Message,13 September 2024,Finance,fake
Man becomes invisible after secret military experiment Which,09 March 2025,Health,fake
NASA confirms life on Jupiter’s moon Between,02 January 2025,Finance,fake
Scientists resurrect dinosaur DNA in lab Character,16 May 2023,Myth,fake
Time traveler arrested for predicting stock market crash House,01 August 2023,Defense,fake
Time traveler arrested for predicting stock market crash Rich,28 March 2024,Science,fake
Time traveler arrested for predicting stock market crash Finish,13 June 2023,Science,fake
Doctors find cure for aging using alien DNA Pick,01 November 2024,Health,fake
Scientists resurrect dinosaur DNA in lab Month,29 November 2024,Science,fake
Doctors find cure for aging using alien DNA Draw,21 November 2024,Science,fake
NASA confirms life on Jupiter’s moon Herself,09 October 2024,Myth,fake
NASA confirms life on Jupiter’s moon Pass,29 January 2024,Defense,fake
Man becomes invisible after secret military experiment Indicate,17 October 2023,Science,fake
NASA confirms life on Jupiter’s moon Stand,08 January 2025,Health,fake
Man becomes invisible after secret military experiment Available,07 February 2025,Defense,fake
Doctors find cure for aging using alien DNA Yourself,10 August 2023,Science,fake
Scientists resurrect dinosaur DNA in lab Activity,25 March 2024,Finance,fake
Doctors find cure for aging using alien DNA Smile,26 September 2023,Finance,fake
Man becomes invisible after secret military experiment Fall,30 January 2024,Health,fake
Man becomes invisible after secret military experiment Fine,14 October 2023,Health,fake
Scientists resurrect dinosaur DNA in lab Court,18 February 2025,Defense,fake
Time traveler arrested for predicting stock market crash Southern,09 September 2024,Myth,fake
Time traveler arrested for predicting stock market crash Program,23 December 2024,Myth,fake
Scientists resurrect dinosaur DNA in lab Green,13 July 2024,Health,fake
Doctors find cure for aging using alien DNA Little,20 September 2024,Defense,fake
NASA confirms life on Jupiter’s moon Cut,17 March 2025,Health,fake
Scientists resurrect dinosaur DNA in lab Alone,16 September 2024,Finance,fake
Time traveler arrested for predicting stock market crash Statement,11 October 2024,Defense,fake
Scientists resurrect dinosaur DNA in lab Project,21 September 2023,Finance,fake
Doctors find cure for aging using alien DNA Already,13 January 2025,Health,fake
Man becomes invisible after secret military experiment Other,07 October 2024,Defense,fake
Time traveler arrested for predicting stock market crash Door,06 December 2024,Science,fake
Time traveler arrested for predicting stock market crash Require,14 May 2023,Defense,fake
Man becomes invisible after secret military experiment Full,10 October 2024,Health,fake
NASA confirms life on Jupiter’s moon Forget,22 August 2024,Health,fake
NASA confirms life on Jupiter’s moon Develop,26 August 2023,Health,fake
Man becomes invisible after secret military experiment Standard,25 May 2023,Health,fake
Doctors find cure for aging using alien DNA Drive,09 February 2024,Defense,fake
Time traveler arrested for predicting stock market crash Game,01 March 2025,Defense,fake
Scientists resurrect dinosaur DNA in lab Produce,03 November 2023,Health,fake
Doctors find cure for aging using alien DNA Role,27 December 2024,Health,fake
NASA confirms life on Jupiter’s moon Space,19 January 2024,Science,fake
NASA confirms life on Jupiter’s moon All,08 July 2023,Defense,fake
Scientists resurrect dinosaur DNA in lab Real,03 November 2023,Health,fake
Doctors find cure for aging using alien DNA Computer,26 February 2024,Myth,fake
NASA confirms life on Jupiter’s moon Term,05 September 2023,Health,fake
Man becomes invisible after secret military experiment Late,12 April 2024,Myth,fake
Scientists resurrect dinosaur DNA in lab Discuss,30 December 2024,Myth,fake
Doctors find cure for aging using alien DNA Sometimes,09 February 2024,Science,fake
NASA confirms life on Jupiter’s moon On,04 July 2023,Health,fake
Scientists resurrect dinosaur DNA in lab Piece,27 January 2025,Science,fake
NASA confirms life on Jupiter’s moon Property,21 February 2024,Finance,fake
Time traveler arrested for predicting stock market crash Program,18 August 2023,Science,fake
Doctors find cure for aging using alien DNA Play,03 December 2024,Science,fake
Man becomes invisible after secret military experiment Month,31 March 2024,Finance,fake
Man becomes invisible after secret military experiment Moment,26 March 2024,Myth,fake
Scientists resurrect dinosaur DNA in lab Often,08 January 2025,Health,fake
Scientists resurrect dinosaur DNA in lab Sit,24 December 2024,Myth,fake
Time traveler arrested for predicting stock market crash Cause,04 August 2024,Science,fake
Doctors find cure for aging using alien DNA Forget,14 December 2023,Myth,fake
Man becomes invisible after secret military experiment Continue,02 August 2024,Finance,fake
Doctors find cure for aging using alien DNA Land,16 February 2025,Finance,fake
Man becomes invisible after secret military experiment Eight,12 September 2024,Health,fake
